{
    "model": "gradient_boosting",
    "accuracy": 0.7615298087739033,
    "precision": 0.7514450867052023,
    "recall": 0.8245243128964059,
    "f1": 0.7862903225806451,
    "roc_auc": 0.8345166219439475
}